{
  "version": 1,
  "author": "fai almidfa",
  "editor": "wokwi",
  "parts": [
    { "type": "board-esp32-devkit-c-v4", "id": "esp", "top": -28.8, "left": -110.36, "attrs": {} },
    {
      "type": "wokwi-stepper-motor",
      "id": "stepper1",
      "top": -178.79,
      "left": 67.63,
      "attrs": { "size": "17" }
    },
    { "type": "wokwi-a4988", "id": "drv1", "top": 24, "left": 24, "attrs": {} }
  ],
  "connections": [
    [ "esp:TX", "$serialMonitor:RX", "", [] ],
    [ "esp:RX", "$serialMonitor:TX", "", [] ],
    [ "stepper1:A-", "drv1:2A", "green", [ "v0" ] ],
    [ "stepper1:A+", "drv1:1A", "green", [ "v0" ] ],
    [ "stepper1:B+", "drv1:1B", "green", [ "v0" ] ],
    [ "stepper1:B-", "drv1:2B", "green", [ "v0" ] ],
    [ "drv1:DIR", "esp:12", "green", [ "h-19.2", "v-144", "h-134.4", "v9.6" ] ],
    [ "drv1:STEP", "esp:14", "green", [ "h-9.6", "v-144", "h-134.4", "v19.2" ] ],
    [ "drv1:GND.1", "esp:GND.3", "black", [ "v28.88", "h-76.65", "v-67.2" ] ],
    [ "drv1:VDD", "esp:3V3", "red", [ "h19.35", "v-86.32", "h-96", "v-38.4", "h-105.6" ] ],
    [ "drv1:VMOT", "esp:5V", "red", [ "h9.75", "v163.28", "h-192" ] ],
    [ "drv1:GND.2", "esp:GND.1", "black", [ "h28.95", "v240.08", "h-249.6", "v-153.6" ] ],
    [ "drv1:ENABLE", "esp:GND.2", "green", [ "h-28.8", "v-28.8" ] ]
  ],
  "dependencies": {}
}